Workbook
Name Slicer_Quarter: #N/A
Name Slicer_Revenue_Category: #N/A
Name Slicer_Year: #N/A

Sheet Dashboard
A1: SALES PERFORMANCE DASHBOARD | 2010 – 2023 | 4 Products | $237.5M Revenue
A2: Multi-Product Sales Analytics • 13 Years of Data • 4,600 Daily Transactions • Excel | MySQL | Power BI
A3: KEY PERFORMANCE INDICATORS
A4: Total Revenue | D4: Total Units Sold | G4: Avg Daily Revenue | J4: Best Year Revenue | M4: Total Records | P4: Date Range
A5: =SUM(statsfinal!S2:S4601) -> 2.3751048e+08 | D5: =SUM(statsfinal!R2:R4601) -> 48398305 | G5: =AVERAGE(statsfinal!S2:S4601) -> 51632.712 | J5: =MAX('helper sheet'!C3:C16) -> 19064846 | M5: =COUNT(statsfinal!B2:B4601) -> 4600 | P5: Jun 2010 – Feb 2023
A6: REVENUE TRENDS ANALYSIS
A22: PRODUCT & MONTHLY PERFORMANCE
A38: SEASONALITY & BEHAVIORAL PATTERNS
A56: Revenue plateau at ~$18-19M/year from 2011-2022 indicates a mature, stable subscription-based business model
A57: All 4 products contribute equal ~25% revenue share — no single product dependency, highly resilient portfolio
A58: September is peak month ($21.4M) and February weakest ($17.4M) — Feb dip is calendar effect not demand drop
A59: Day-of-week revenue varies only 3.3% — confirms automated/subscription revenue, not discretionary purchasing
A60: Revenue grew through 2020 pandemic year — demonstrates exceptional business model resilience
A61: 📁 Data Source: Kaggle | 🛠️ Tools: Excel · MySQL · Power BI | 📅 Analysis Period: Jun 2010 – Feb 2023 | 👤 Kashish Kedia

Sheet statsfinal
A1: SL NO. | B1: Date | C1: Year | D1: Month | E1: Month No. | F1: Q-P1 | G1: S-P1 | H1: Price Per Product1 | I1: Q-P2 | J1: S-P2 | K1: Price Per Product2 | L1: Q-P3 | M1: S-P3 | N1: Price Per Product3 | O1: Q-P4 | P1: S-P4 | Q1: Price Per Product4 | R1: Total Units Sold | S1: Total Revenue | T1: Quarter | U1: Day Name | V1: Rev/Unit | W1: Top Product | X1: Revenue Category | Y1: YoY Growth Flag
A2: 1 | B2: 40342 | C2: 2010 | D2: Jun | E2: 6 | F2: 5422 | G2: 17187.74 | H2: =IFERROR(salesdata[[#This Row],[S-P1]]/salesdata[[#This Row],[Q-P1]],0) -> 3.17 | I2: 3725 | J2: 23616.5 | K2: =IFERROR(salesdata[[#This Row],[S-P2]]/salesdata[[#This Row],[Q-P2]],0) -> 6.34 | L2: 576 | M2: 3121.92 | N2: =IFERROR(salesdata[[#This Row],[S-P3]]/salesdata[[#This Row],[Q-P3]],0) -> 5.42 | O2: 907 | P2: 6466.91 | Q2: =IFERROR(salesdata[[#This Row],[S-P4]]/salesdata[[#This Row],[Q-P4]],0) -> 7.13 | R2: 10630 | S2: 50393.07 | T2: ="Q"&ROUNDUP(salesdata[[#This Row],[Month No.]]/3,0) -> Q2 | U2: =TEXT(salesdata[[#This Row],[Date]],"dddd") -> Sunday | V2: =IFERROR(salesdata[[#This Row],[Total Revenue]]/salesdata[[#This Row],[Total Units Sold]],0) -> 4.7406463 | W2: =INDEX({"Product1","Product2","Product3","Product4"},MATCH(MAX(salesdata[[#This Row],[S-P1]],salesdata[[#This Row],[S-P2]],salesdata[[#This Row],[S-P3]],salesdata[[#This Row],[S-P4]]),CHOOSE({1,2,3,4},salesdata[[#This Row],[S-P1]],salesdata[[#This Row],[S-P2]],salesdata[[#This Row],[S-P3]],salesdata[[#This Row],[S-P4]]),0)) -> Product2 | X2: =IF(salesdata[[#This Row],[Total Revenue]]>=70000,"High",IF(salesdata[[#This Row],[Total Revenue]]>=40000,"Medium","Low")) -> Medium | Y2: =IFERROR(IF(SUMIF(salesdata[Year],salesdata[[#This Row],[Year]],salesdata[Total Revenue])>SUMIF(salesdata[Year],salesdata[[#This Row],[Year]]-1,salesdata[Total Revenue]),"Growth Year","Decline Year"),"") -> Growth Year
A3: 2 | B3: 40343 | C3: 2010 | D3: Jun | E3: 6 | F3: 7047 | G3: 22338.99 | H3: =IFERROR(salesdata[[#This Row],[S-P1]]/salesdata[[#This Row],[Q-P1]],0) -> 3.17 | I3: 779 | J3: 4938.86 | K3: =IFERROR(salesdata[[#This Row],[S-P2]]/salesdata[[#This Row],[Q-P2]],0) -> 6.34 | L3: 3578 | M3: 19392.76 | N3: =IFERROR(salesdata[[#This Row],[S-P3]]/salesdata[[#This Row],[Q-P3]],0) -> 5.42 | O3: 1574 | P3: 11222.62 | Q3: =IFERROR(salesdata[[#This Row],[S-P4]]/salesdata[[#This Row],[Q-P4]],0) -> 7.13 | R3: 12978 | S3: 57893.23 | T3: ="Q"&ROUNDUP(salesdata[[#This Row],[Month No.]]/3,0) -> Q2 | U3: =TEXT(salesdata[[#This Row],[Date]],"dddd") -> Monday | V3: =IFERROR(salesdata[[#This Row],[Total Revenue]]/salesdata[[#This Row],[Total Units Sold]],0) -> 4.4608746 | W3: =INDEX({"Product1","Product2","Product3","Product4"},MATCH(MAX(salesdata[[#This Row],[S-P1]],salesdata[[#This Row],[S-P2]],salesdata[[#This Row],[S-P3]],salesdata[[#This Row],[S-P4]]),CHOOSE({1,2,3,4},salesdata[[#This Row],[S-P1]],salesdata[[#This Row],[S-P2]],salesdata[[#This Row],[S-P3]],salesdata[[#This Row],[S-P4]]),0)) -> Product1 | X3: =IF(salesdata[[#This Row],[Total Revenue]]>=70000,"High",IF(salesdata[[#This Row],[Total Revenue]]>=40000,"Medium","Low")) -> Medium | Y3: =IFERROR(IF(SUMIF(salesdata[Year],salesdata[[#This Row],[Year]],salesdata[Total Revenue])>SUMIF(salesdata[Year],salesdata[[#This Row],[Year]]-1,salesdata[Total Revenue]),"Growth Year","Decline Year"),"") -> Growth Year
A4: 3 | B4: 40344 | C4: 2010 | D4: Jun | E4: 6 | F4: 1572 | G4: 4983.24 | H4: =IFERROR(salesdata[[#This Row],[S-P1]]/salesdata[[#This Row],[Q-P1]],0) -> 3.17 | I4: 2082 | J4: 13199.88 | K4: =IFERROR(salesdata[[#This Row],[S-P2]]/salesdata[[#This Row],[Q-P2]],0) -> 6.34 | L4: 595 | M4: 3224.9 | N4: =IFERROR(salesdata[[#This Row],[S-P3]]/salesdata[[#This Row],[Q-P3]],0) -> 5.42 | O4: 1145 | P4: 8163.85 | Q4: =IFERROR(salesdata[[#This Row],[S-P4]]/salesdata[[#This Row],[Q-P4]],0) -> 7.13 | R4: 5394 | S4: 29571.87 | T4: ="Q"&ROUNDUP(salesdata[[#This Row],[Month No.]]/3,0) -> Q2 | U4: =TEXT(salesdata[[#This Row],[Date]],"dddd") -> Tuesday | V4: =IFERROR(salesdata[[#This Row],[Total Revenue]]/salesdata[[#This Row],[Total Units Sold]],0) -> 5.4823637 | W4: =INDEX({"Product1","Product2","Product3","Product4"},MATCH(MAX(salesdata[[#This Row],[S-P1]],salesdata[[#This Row],[S-P2]],salesdata[[#This Row],[S-P3]],salesdata[[#This Row],[S-P4]]),CHOOSE({1,2,3,4},salesdata[[#This Row],[S-P1]],salesdata[[#This Row],[S-P2]],salesdata[[#This Row],[S-P3]],salesdata[[#This Row],[S-P4]]),0)) -> Product2 | X4: =IF(salesdata[[#This Row],[Total Revenue]]>=70000,"High",IF(salesdata[[#This Row],[Total Revenue]]>=40000,"Medium","Low")) -> Low | Y4: =IFERROR(IF(SUMIF(salesdata[Year],salesdata[[#This Row],[Year]],salesdata[Total Revenue])>SUMIF(salesdata[Year],salesdata[[#This Row],[Year]]-1,salesdata[Total Revenue]),"Growth Year","Decline Year"),"") -> Growth Year
A5: 4 | B5: 40345 | C5: 2010 | D5: Jun | E5: 6 | F5: 5657 | G5: 17932.69 | H5: =IFERROR(salesdata[[#This Row],[S-P1]]/salesdata[[#This Row],[Q-P1]],0) -> 3.17 | I5: 2399 | J5: 15209.66 | K5: =IFERROR(salesdata[[#This Row],[S-P2]]/salesdata[[#This Row],[Q-P2]],0) -> 6.34 | L5: 3140 | M5: 17018.8 | N5: =IFERROR(salesdata[[#This Row],[S-P3]]/salesdata[[#This Row],[Q-P3]],0) -> 5.42 | O5: 1672 | P5: 11921.36 | Q5: =IFERROR(salesdata[[#This Row],[S-P4]]/salesdata[[#This Row],[Q-P4]],0) -> 7.13 | R5: 12868 | S5: 62082.51 | T5: ="Q"&ROUNDUP(salesdata[[#This Row],[Month No.]]/3,0) -> Q2 | U5: =TEXT(salesdata[[#This Row],[Date]],"dddd") -> Wednesday | V5: =IFERROR(salesdata[[#This Row],[Total Revenue]]/salesdata[[#This Row],[Total Units Sold]],0) -> 4.8245656 | W5: =INDEX({"Product1","Product2","Product3","Product4"},MATCH(MAX(salesdata[[#This Row],[S-P1]],salesdata[[#This Row],[S-P2]],salesdata[[#This Row],[S-P3]],salesdata[[#This Row],[S-P4]]),CHOOSE({1,2,3,4},salesdata[[#This Row],[S-P1]],salesdata[[#This Row],[S-P2]],salesdata[[#This Row],[S-P3]],salesdata[[#This Row],[S-P4]]),0)) -> Product1 | X5: =IF(salesdata[[#This Row],[Total Revenue]]>=70000,"High",IF(salesdata[[#This Row],[Total Revenue]]>=40000,"Medium","Low")) -> Medium | Y5: =IFERROR(IF(SUMIF(salesdata[Year],salesdata[[#This Row],[Year]],salesdata[Total Revenue])>SUMIF(salesdata[Year],salesdata[[#This Row],[Year]]-1,salesdata[Total Revenue]),"Growth Year","Decline Year"),"") -> Growth Year
A6: 5 | B6: 40346 | C6: 2010 | D6: Jun | E6: 6 | F6: 3668 | G6: 11627.56 | H6: =IFERROR(salesdata[[#This Row],[S-P1]]/salesdata[[#This Row],[Q-P1]],0) -> 3.17 | I6: 3207 | J6: 20332.38 | K6: =IFERROR(salesdata[[#This Row],[S-P2]]/salesdata[[#This Row],[Q-P2]],0) -> 6.34 | L6: 2184 | M6: 11837.28 | N6: =IFERROR(salesdata[[#This Row],[S-P3]]/salesdata[[#This Row],[Q-P3]],0) -> 5.42 | O6: 708 | P6: 5048.04 | Q6: =IFERROR(salesdata[[#This Row],[S-P4]]/salesdata[[#This Row],[Q-P4]],0) -> 7.13 | R6: 9767 | S6: 48845.26 | T6: ="Q"&ROUNDUP(salesdata[[#This Row],[Month No.]]/3,0) -> Q2 | U6: =TEXT(salesdata[[#This Row],[Date]],"dddd") -> Thursday | V6: =IFERROR(salesdata[[#This Row],[Total Revenue]]/salesdata[[#This Row],[Total Units Sold]],0) -> 5.0010505 | W6: =INDEX({"Product1","Product2","Product3","Product4"},MATCH(MAX(salesdata[[#This Row],[S-P1]],salesdata[[#This Row],[S-P2]],salesdata[[#This Row],[S-P3]],salesdata[[#This Row],[S-P4]]),CHOOSE({1,2,3,4},salesdata[[#This Row],[S-P1]],salesdata[[#This Row],[S-P2]],salesdata[[#This Row],[S-P3]],salesdata[[#This Row],[S-P4]]),0)) -> Product2 | X6: =IF(salesdata[[#This Row],[Total Revenue]]>=70000,"High",IF(salesdata[[#This Row],[Total Revenue]]>=40000,"Medium","Low")) -> Medium | Y6: =IFERROR(IF(SUMIF(salesdata[Year],salesdata[[#This Row],[Year]],salesdata[Total Revenue])>SUMIF(salesdata[Year],salesdata[[#This Row],[Year]]-1,salesdata[Total Revenue]),"Growth Year","Decline Year"),"") -> Growth Year
A7: 6 | B7: 40347 | C7: 2010 | D7: Jun | E7: 6 | F7: 2898 | G7: 9186.66 | H7: =IFERROR(salesdata[[#This Row],[S-P1]]/salesdata[[#This Row],[Q-P1]],0) -> 3.17 | I7: 2539 | J7: 16097.26 | K7: =IFERROR(salesdata[[#This Row],[S-P2]]/salesdata[[#This Row],[Q-P2]],0) -> 6.34 | L7: 311 | M7: 1685.62 | N7: =IFERROR(salesdata[[#This Row],[S-P3]]/salesdata[[#This Row],[Q-P3]],0) -> 5.42 | O7: 1513 | P7: 10787.69 | Q7: =IFERROR(salesdata[[#This Row],[S-P4]]/salesdata[[#This Row],[Q-P4]],0) -> 7.13 | R7: 7261 | S7: 37757.23 | T7: ="Q"&ROUNDUP(salesdata[[#This Row],[Month No.]]/3,0) -> Q2 | U7: =TEXT(salesdata[[#This Row],[Date]],"dddd") -> Friday | V7: =IFERROR(salesdata[[#This Row],[Total Revenue]]/salesdata[[#This Row],[Total Units Sold]],0) -> 5.2000041 | W7: =INDEX({"Product1","Product2","Product3","Product4"},MATCH(MAX(salesdata[[#This Row],[S-P1]],salesdata[[#This Row],[S-P2]],salesdata[[#This Row],[S-P3]],salesdata[[#This Row],[S-P4]]),CHOOSE({1,2,3,4},salesdata[[#This Row],[S-P1]],salesdata[[#This Row],[S-P2]],salesdata[[#This Row],[S-P3]],salesdata[[#This Row],[S-P4]]),0)) -> Product2 | X7: =IF(salesdata[[#This Row],[Total Revenue]]>=70000,"High",IF(salesdata[[#This Row],[Total Revenue]]>=40000,"Medium","Low")) -> Low | Y7: =IFERROR(IF(SUMIF(salesdata[Year],salesdata[[#This Row],[Year]],salesdata[Total Revenue])>SUMIF(salesdata[Year],salesdata[[#This Row],[Year]]-1,salesdata[Total Revenue]),"Growth Year","Decline Year"),"") -> Growth Year
A8: 7 | B8: 40348 | C8: 2010 | D8: Jun | E8: 6 | F8: 6912 | G8: 21911.04 | H8: =IFERROR(salesdata[[#This Row],[S-P1]]/salesdata[[#This Row],[Q-P1]],0) -> 3.17 | I8: 1470 | J8: 9319.8 | K8: =IFERROR(salesdata[[#This Row],[S-P2]]/salesdata[[#This Row],[Q-P2]],0) -> 6.34 | L8: 1576 | M8: 8541.92 | N8: =IFERROR(salesdata[[#This Row],[S-P3]]/salesdata[[#This Row],[Q-P3]],0) -> 5.42 | O8: 1608 | P8: 11465.04 | Q8: =IFERROR(salesdata[[#This Row],[S-P4]]/salesdata[[#This Row],[Q-P4]],0) -> 7.13 | R8: 11566 | S8: 51237.8 | T8: ="Q"&ROUNDUP(salesdata[[#This Row],[Month No.]]/3,0) -> Q2 | U8: =TEXT(salesdata[[#This Row],[Date]],"dddd") -> Saturday | V8: =IFERROR(salesdata[[#This Row],[Total Revenue]]/salesdata[[#This Row],[Total Units Sold]],0) -> 4.4300363 | W8: =INDEX({"Product1","Product2","Product3","Product4"},MATCH(MAX(salesdata[[#This Row],[S-P1]],salesdata[[#This Row],[S-P2]],salesdata[[#This Row],[S-P3]],salesdata[[#This Row],[S-P4]]),CHOOSE({1,2,3,4},salesdata[[#This Row],[S-P1]],salesdata[[#This Row],[S-P2]],salesdata[[#This Row],[S-P3]],salesdata[[#This Row],[S-P4]]),0)) -> Product1 | X8: =IF(salesdata[[#This Row],[Total Revenue]]>=70000,"High",IF(salesdata[[#This Row],[Total Revenue]]>=40000,"Medium","Low")) -> Medium | Y8: =IFERROR(IF(SUMIF(salesdata[Year],salesdata[[#This Row],[Year]],salesdata[Total Revenue])>SUMIF(salesdata[Year],salesdata[[#This Row],[Year]]-1,salesdata[Total Revenue]),"Growth Year","Decline Year"),"") -> Growth Year
A9: 8 | B9: 40349 | C9: 2010 | D9: Jun | E9: 6 | F9: 5209 | G9: 16512.53 | H9: =IFERROR(salesdata[[#This Row],[S-P1]]/salesdata[[#This Row],[Q-P1]],0) -> 3.17 | I9: 2550 | J9: 16167 | K9: =IFERROR(salesdata[[#This Row],[S-P2]]/salesdata[[#This Row],[Q-P2]],0) -> 6.34 | L9: 3415 | M9: 18509.3 | N9: =IFERROR(salesdata[[#This Row],[S-P3]]/salesdata[[#This Row],[Q-P3]],0) -> 5.42 | O9: 842 | P9: 6003.46 | Q9: =IFERROR(salesdata[[#This Row],[S-P4]]/salesdata[[#This Row],[Q-P4]],0) -> 7.13 | R9: 12016 | S9: 57192.29 | T9: ="Q"&ROUNDUP(salesdata[[#This Row],[Month No.]]/3,0) -> Q2 | U9: =TEXT(salesdata[[#This Row],[Date]],"dddd") -> Sunday | V9: =IFERROR(salesdata[[#This Row],[Total Revenue]]/salesdata[[#This Row],[Total Units Sold]],0) -> 4.7596779 | W9: =INDEX({"Product1","Product2","Product3","Product4"},MATCH(MAX(salesdata[[#This Row],[S-P1]],salesdata[[#This Row],[S-P2]],salesdata[[#This Row],[S-P3]],salesdata[[#This Row],[S-P4]]),CHOOSE({1,2,3,4},salesdata[[#This Row],[S-P1]],salesdata[[#This Row],[S-P2]],salesdata[[#This Row],[S-P3]],salesdata[[#This Row],[S-P4]]),0)) -> Product3 | X9: =IF(salesdata[[#This Row],[Total Revenue]]>=70000,"High",IF(salesdata[[#This Row],[Total Revenue]]>=40000,"Medium","Low")) -> Medium | Y9: =IFERROR(IF(SUMIF(salesdata[Year],salesdata[[#This Row],[Year]],salesdata[Total Revenue])>SUMIF(salesdata[Year],salesdata[[#This Row],[Year]]-1,salesdata[Total Revenue]),"Growth Year","Decline Year"),"") -> Growth Year
A10: 9 | B10: 40350 | C10: 2010 | D10: Jun | E10: 6 | F10: 6322 | G10: 20040.74 | H10: =IFERROR(salesdata[[#This Row],[S-P1]]/salesdata[[#This Row],[Q-P1]],0) -> 3.17 | I10: 852 | J10: 5401.68 | K10: =IFERROR(salesdata[[#This Row],[S-P2]]/salesdata[[#This Row],[Q-P2]],0) -> 6.34 | L10: 3646 | M10: 19761.32 | N10: =IFERROR(salesdata[[#This Row],[S-P3]]/salesdata[[#This Row],[Q-P3]],0) -> 5.42 | O10: 1377 | P10: 9818.01 | Q10: =IFERROR(salesdata[[#This Row],[S-P4]]/salesdata[[#This Row],[Q-P4]],0) -> 7.13 | R10: 12197 | S10: 55021.75 | T10: ="Q"&ROUNDUP(salesdata[[#This Row],[Month No.]]/3,0) -> Q2 | U10: =TEXT(salesdata[[#This Row],[Date]],"dddd") -> Monday | V10: =IFERROR(salesdata[[#This Row],[Total Revenue]]/salesdata[[#This Row],[Total Units Sold]],0) -> 4.5110888 | W10: =INDEX({"Product1","Product2","Product3","Product4"},MATCH(MAX(salesdata[[#This Row],[S-P1]],salesdata[[#This Row],[S-P2]],salesdata[[#This Row],[S-P3]],salesdata[[#This Row],[S-P4]]),CHOOSE({1,2,3,4},salesdata[[#This Row],[S-P1]],salesdata[[#This Row],[S-P2]],salesdata[[#This Row],[S-P3]],salesdata[[#This Row],[S-P4]]),0)) -> Product1 | X10: =IF(salesdata[[#This Row],[Total Revenue]]>=70000,"High",IF(salesdata[[#This Row],[Total Revenue]]>=40000,"Medium","Low")) -> Medium | Y10: =IFERROR(IF(SUMIF(salesdata[Year],salesdata[[#This Row],[Year]],salesdata[Total Revenue])>SUMIF(salesdata[Year],salesdata[[#This Row],[Year]]-1,salesdata[Total Revenue]),"Growth Year","Decline Year"),"") -> Growth Year
A11: 10 | B11: 40351 | C11: 2010 | D11: Jun | E11: 6 | F11: 6865 | G11: 21762.05 | H11: =IFERROR(salesdata[[#This Row],[S-P1]]/salesdata[[#This Row],[Q-P1]],0) -> 3.17 | I11: 414 | J11: 2624.76 | K11: =IFERROR(salesdata[[#This Row],[S-P2]]/salesdata[[#This Row],[Q-P2]],0) -> 6.34 | L11: 3902 | M11: 21148.84 | N11: =IFERROR(salesdata[[#This Row],[S-P3]]/salesdata[[#This Row],[Q-P3]],0) -> 5.42 | O11: 562 | P11: 4007.06 | Q11: =IFERROR(salesdata[[#This Row],[S-P4]]/salesdata[[#This Row],[Q-P4]],0) -> 7.13 | R11: 11743 | S11: 49542.71 | T11: ="Q"&ROUNDUP(salesdata[[#This Row],[Month No.]]/3,0) -> Q2 | U11: =TEXT(salesdata[[#This Row],[Date]],"dddd") -> Tuesday | V11: =IFERROR(salesdata[[#This Row],[Total Revenue]]/salesdata[[#This Row],[Total Units Sold]],0) -> 4.2189142 | W11: =INDEX({"Product1","Product2","Product3","Product4"},MATCH(MAX(salesdata[[#This Row],[S-P1]],salesdata[[#This Row],[S-P2]],salesdata[[#This Row],[S-P3]],salesdata[[#This Row],[S-P4]]),CHOOSE({1,2,3,4},salesdata[[#This Row],[S-P1]],salesdata[[#This Row],[S-P2]],salesdata[[#This Row],[S-P3]],salesdata[[#This Row],[S-P4]]),0)) -> Product1 | X11: =IF(salesdata[[#This Row],[Total Revenue]]>=70000,"High",IF(salesdata[[#This Row],[Total Revenue]]>=40000,"Medium","Low")) -> Medium | Y11: =IFERROR(IF(SUMIF(salesdata[Year],salesdata[[#This Row],[Year]],salesdata[Total Revenue])>SUMIF(salesdata[Year],salesdata[[#This Row],[Year]]-1,salesdata[Total Revenue]),"Growth Year","Decline Year"),"") -> Growth Year
A12: 11 | B12: 40352 | C12: 2010 | D12: Jun | E12: 6 | F12: 1287 | G12: 4079.79 | H12: =IFERROR(salesdata[[#This Row],[S-P1]]/salesdata[[#This Row],[Q-P1]],0) -> 3.17 | I12: 3955 | J12: 25074.7 | K12: =IFERROR(salesdata[[#This Row],[S-P2]]/salesdata[[#This Row],[Q-P2]],0) -> 6.34 | L12: 2710 | M12: 14688.2 | N12: =IFERROR(salesdata[[#This Row],[S-P3]]/salesdata[[#This Row],[Q-P3]],0) -> 5.42 | O12: 1804 | P12: 12862.52 | Q12: =IFERROR(salesdata[[#This Row],[S-P4]]/salesdata[[#This Row],[Q-P4]],0) -> 7.13 | R12: 9756 | S12: 56705.21 | T12: ="Q"&ROUNDUP(salesdata[[#This Row],[Month No.]]/3,0) -> Q2 | U12: =TEXT(salesdata[[#This Row],[Date]],"dddd") -> Wednesday | V12: =IFERROR(salesdata[[#This Row],[Total Revenue]]/salesdata[[#This Row],[Total Units Sold]],0) -> 5.8123421 | W12: =INDEX({"Product1","Product2","Product3","Product4"},MATCH(MAX(salesdata[[#This Row],[S-P1]],salesdata[[#This Row],[S-P2]],salesdata[[#This Row],[S-P3]],salesdata[[#This Row],[S-P4]]),CHOOSE({1,2,3,4},salesdata[[#This Row],[S-P1]],salesdata[[#This Row],[S-P2]],salesdata[[#This Row],[S-P3]],salesdata[[#This Row],[S-P4]]),0)) -> Product2 | X12: =IF(salesdata[[#This Row],[Total Revenue]]>=70000,"High",IF(salesdata[[#This Row],[Total Revenue]]>=40000,"Medium","Low")) -> Medium | Y12: =IFERROR(IF(SUMIF(salesdata[Year],salesdata[[#This Row],[Year]],salesdata[Total Revenue])>SUMIF(salesdata[Year],salesdata[[#This Row],[Year]]-1,salesdata[Total Revenue]),"Growth Year","Decline Year"),"") -> Growth Year
A13: 12 | B13: 40353 | C13: 2010 | D13: Jun | E13: 6 | F13: 2197 | G13: 6964.49 | H13: =IFERROR(salesdata[[#This Row],[S-P1]]/salesdata[[#This Row],[Q-P1]],0) -> 3.17 | I13: 1429 | J13: 9059.86 | K13: =IFERROR(salesdata[[#This Row],[S-P2]]/salesdata[[#This Row],[Q-P2]],0) -> 6.34 | L13: 2754 | M13: 14926.68 | N13: =IFERROR(salesdata[[#This Row],[S-P3]]/salesdata[[#This Row],[Q-P3]],0) -> 5.42 | O13: 1299 | P13: 9261.87 | Q13: =IFERROR(salesdata[[#This Row],[S-P4]]/salesdata[[#This Row],[Q-P4]],0) -> 7.13 | R13: 7679 | S13: 40212.9 | T13: ="Q"&ROUNDUP(salesdata[[#This Row],[Month No.]]/3,0) -> Q2 | U13: =TEXT(salesdata[[#This Row],[Date]],"dddd") -> Thursday | V13: =IFERROR(salesdata[[#This Row],[Total Revenue]]/salesdata[[#This Row],[Total Units Sold]],0) -> 5.2367366 | W13: =INDEX({"Product1","Product2","Product3","Product4"},MATCH(MAX(salesdata[[#This Row],[S-P1]],salesdata[[#This Row],[S-P2]],salesdata[[#This Row],[S-P3]],salesdata[[#This Row],[S-P4]]),CHOOSE({1,2,3,4},salesdata[[#This Row],[S-P1]],salesdata[[#This Row],[S-P2]],salesdata[[#This Row],[S-P3]],salesdata[[#This Row],[S-P4]]),0)) -> Product3 | X13: =IF(salesdata[[#This Row],[Total Revenue]]>=70000,"High",IF(salesdata[[#This Row],[Total Revenue]]>=40000,"Medium","Low")) -> Medium | Y13: =IFERROR(IF(SUMIF(salesdata[Year],salesdata[[#This Row],[Year]],salesdata[Total Revenue])>SUMIF(salesdata[Year],salesdata[[#This Row],[Year]]-1,salesdata[Total Revenue]),"Growth Year","Decline Year"),"") -> Growth Year
... A4601: 4600 | B4601: 44960 | C4601: 2023 | D4601: Feb | E4601: 2 | F4601: 1234 | G4601: 3911.78 | H4601: =IFERROR(salesdata[[#This Row],[S-P1]]/salesdata[[#This Row],[Q-P1]],0) -> 3.17 | I4601: 3854 | J4601: 24434.36 | K4601: =IFERROR(salesdata[[#This Row],[S-P2]]/salesdata[[#This Row],[Q-P2]],0) -> 6.34 | L4601: 2321 | M4601: 12579.82 | N4601: =IFERROR(salesdata[[#This Row],[S-P3]]/salesdata[[#This Row],[Q-P3]],0) -> 5.42 | O4601: 406 | P4601: 2894.78 | Q4601: =IFERROR(salesdata[[#This Row],[S-P4]]/salesdata[[#This Row],[Q-P4]],0) -> 7.13 | R4601: 7815 | S4601: 43820.74 | T4601: ="Q"&ROUNDUP(salesdata[[#This Row],[Month No.]]/3,0) -> Q1 | U4601: =TEXT(salesdata[[#This Row],[Date]],"dddd") -> Friday | V4601: =IFERROR(salesdata[[#This Row],[Total Revenue]]/salesdata[[#This Row],[Total Units Sold]],0) -> 5.6072604 | W4601: =INDEX({"Product1","Product2","Product3","Product4"},MATCH(MAX(salesdata[[#This Row],[S-P1]],salesdata[[#This Row],[S-P2]],salesdata[[#This Row],[S-P3]],salesdata[[#This Row],[S-P4]]),CHOOSE({1,2,3,4},salesdata[[#This Row],[S-P1]],salesdata[[#This Row],[S-P2]],salesdata[[#This Row],[S-P3]],salesdata[[#This Row],[S-P4]]),0)) -> Product2 | X4601: =IF(salesdata[[#This Row],[Total Revenue]]>=70000,"High",IF(salesdata[[#This Row],[Total Revenue]]>=40000,"Medium","Low")) -> Medium | Y4601: =IFERROR(IF(SUMIF(salesdata[Year],salesdata[[#This Row],[Year]],salesdata[Total Revenue])>SUMIF(salesdata[Year],salesdata[[#This Row],[Year]]-1,salesdata[Total Revenue]),"Growth Year","Decline Year"),"") -> Decline Year

Sheet Pivot Tables
A2: A | B2: How did total sales perform year by year? | H2: C | I2: Which product makes the most money and sells the most units?
B3: Yearly Revenue & Growth Analysis | C3: Sum of Total Revenue | D3: YoY Growth % | E3: Sum of Total Units Sold | I3: Product | J3: Total Revenue | K3: Total Units | L3: Avg Price | M3: Revenue Share%
B4: 2010 | C4: 11595130 | E4: 2353147 | I4: P1 | J4: =SUM(salesdata[S-P1]) -> 60104804 | K4: =SUM(salesdata[Q-P1]) -> 18960506 | L4: =AVERAGE(salesdata[Price Per Product1]) -> 3.17 | M4: =J4/SUM($J$4:$J$7) -> 0.2530617
B5: 2011 | C5: 18440645 | D5: 0.59037848 | E5: 3741026 | I5: P2 | J5: =SUM(salesdata[S-P2]) -> 62127530 | K5: =SUM(salesdata[Q-P2]) -> 9799295 | L5: =AVERAGE(salesdata[Price Per Product2]) -> 6.34 | M5: =J5/SUM($J$4:$J$7) -> 0.26157806
B6: 2012 | C6: 18772273 | D6: 0.017983503 | E6: 3826950 | I6: P3 | J6: =SUM(salesdata[S-P3]) -> 78429590 | K6: =SUM(salesdata[Q-P3]) -> 14470404 | L6: =AVERAGE(salesdata[Price Per Product3]) -> 5.42 | M6: =J6/SUM($J$4:$J$7) -> 0.33021528
B7: 2013 | C7: 18491354 | D7: -0.014964557 | E7: 3790013 | I7: P4 | J7: =SUM(salesdata[S-P4]) -> 36848553 | K7: =SUM(salesdata[Q-P4]) -> 5168100 | L7: =AVERAGE(salesdata[Price Per Product4]) -> 7.13 | M7: =J7/SUM($J$4:$J$7) -> 0.15514496
B8: 2014 | C8: 19064846 | D8: 0.031014054 | E8: 3906217 | M8: =SUM(M4:M7) -> 1
B9: 2015 | C9: 18424741 | D9: -0.033575148 | E9: 3751715
B10: 2016 | C10: 18634762 | D10: 0.011398852 | E10: 3803310 | H10: D | I10: Which quarter performs best, and is that consistent across years?
B11: 2017 | C11: 18953969 | D11: 0.017129657 | E11: 3835592 | I11: Sum of Total Revenue | J11: Column Labels
B12: 2018 | C12: 18576016 | D12: -0.019940543 | E12: 3807731 | I12: Row Labels | J12: 2010 | K12: 2011 | L12: 2012 | M12: 2013 | N12: 2014 | O12: 2015 | P12: 2016 | Q12: 2017 | R12: 2018 | S12: 2019 | T12: 2020 | U12: 2021 | V12: 2022 | W12: 2023 | X12: Grand Total
B13: 2019 | C13: 18646414 | D13: 0.0037897221 | E13: 3792042 | I13: Q1 | K13: 4490551.1 | L13: 4638581.5 | M13: 4719980.7 | N13: 4705488.8 | O13: 4385259 | P13: 4715671.2 | Q13: 4509552.2 | R13: 4749348.3 | S13: 4712826.6 | T13: 4701090.6 | U13: 4747962.6 | V13: 4468256.5 | W13: 1908138.9 | X13: 57452708
B14: 2020 | C14: 18965182 | D14: 0.017095412 | E14: 3855420 | I14: Q2 | J14: 920497.87 | K14: 4836444.6 | L14: 4805454.4 | M14: 4686354 | N14: 4749637.9 | O14: 4666302.9 | P14: 4780236.6 | Q14: 4770295.7 | R14: 4684361 | S14: 4721869.7 | T14: 4740865.2 | U14: 4812929.8 | V14: 4622724.6 | X14: 57797974
B15: 2021 | C15: 18895086 | D15: -0.0036960552 | E15: 3848719 | I15: Q3 | J15: 5911631.7 | K15: 4549225.8 | L15: 4799039.5 | M15: 4539802.2 | N15: 4986289.3 | O15: 4848976.4 | P15: 4567299.1 | Q15: 4909595 | R15: 4726485 | S15: 4541473.6 | T15: 4808069.3 | U15: 4551232 | V15: 4517813 | X15: 62256932
B16: 2022 | C16: 18141921 | D16: -0.039860371 | E16: 3697857 | I16: Q4 | J16: 4763000.4 | K16: 4564423.8 | L16: 4529197.2 | M16: 4545216.9 | N16: 4623429.7 | O16: 4524202.4 | P16: 4571554.7 | Q16: 4764525.7 | R16: 4415822 | S16: 4670244.3 | T16: 4715157.3 | U16: 4782961.6 | V16: 4533126.7 | X16: 60002863
B17: 2023 | C17: 1908138.9 | D17: -0.89482156 | E17: 388566 | I17: Grand Total | J17: 11595130 | K17: 18440645 | L17: 18772273 | M17: 18491354 | N17: 19064846 | O17: 18424741 | P17: 18634762 | Q17: 18953969 | R17: 18576016 | S17: 18646414 | T17: 18965182 | U17: 18895086 | V17: 18141921 | W17: 1908138.9 | X17: 237510477
B18: Grand Total | C18: 2.3751048e+08 | E18: 48398305
A22: B | B22: Which months consistently generate the most revenue? | H22: E | I22: Do certain days of the week sell more?
B23: Row Labels | C23: Total Revenue ($) | I23: Row Labels | J23: Average of Total Revenue | K23: Average of Total Units Sold
B24: Jan | C24: 21029233 | I24: Sunday | J24: 51047.452 | K24: 10384.789
B25: Feb | C25: 17400076 | I25: Monday | J25: 51515.085 | K25: 10513.709
B26: Mar | C26: 19023399 | I26: Tuesday | J26: 51129.446 | K26: 10421.646
B27: Apr | C27: 18829411 | I27: Wednesday | J27: 51816.927 | K27: 10540.156
B28: May | C28: 19480460 | I28: Thursday | J28: 51319.525 | K28: 10451.694
B29: Jun | C29: 19488103 | I29: Friday | J29: 51889.425 | K29: 10631.286
B30: Jul | C30: 20535324 | I30: Saturday | J30: 52725.509 | K30: 10709.456
B31: Aug | C31: 20316054 | I31: Grand Total | J31: 51632.712 | K31: 10521.371
B32: Sep | C32: 21405554
B33: Oct | C33: 20032778
B34: Nov | C34: 19959203
B35: Dec | C35: 20010881
B36: Grand Total | C36: 2.3751048e+08

Sheet Charts
B2: Q1.How did revenue grow year by year from 2010 to 2023? | F2: Q2.Which years were growth years and which were decline years? | O2: Q3.January earns most? Or is it a summer/winter pattern?
B20: Revenue ramped up sharply from 2010 to 2011 — a 59% jump. From 2011 to 2022 the business maintained stable annual revenue between $18M and $19M with minor fluctuations. 2023 appears low because the dataset only covers January and February of that year.
B22: Q4.Which product owns the biggest slice of total revenue? | F22: Q5. Is there a seasonal pattern — does one quarter always outperform? | O22: Q6. Do certain days of the week generate more sales than others?

Sheet helper sheet
B2: Yearly Revenue & Growth Analysis | C2: Sum of Total Revenue | E2: Yearly Revenue & Growth Analysis | F2: YoY Growth % | H2: Month Name | I2: Sum of Total Revenue | K2: DAY NAME | L2: Avg Revenue ($)
B3: 2010 | C3: 11595130 | E3: 2010 | H3: Jan | I3: 21029233 | K3: Sunday | L3: =GETPIVOTDATA("Average of Total Revenue",'Pivot Tables'!$I$23,"Day Name","Sunday") -> 51047.452
B4: 2011 | C4: 18440645 | E4: 2011 | F4: 0.59037848 | H4: Feb | I4: 17400076 | K4: Monday | L4: =GETPIVOTDATA("Average of Total Revenue",'Pivot Tables'!$I$23,"Day Name","Monday") -> 51515.085
B5: 2012 | C5: 18772273 | E5: 2012 | F5: 0.017983503 | H5: Mar | I5: 19023399 | K5: Tuesday | L5: =GETPIVOTDATA("Average of Total Revenue",'Pivot Tables'!$I$23,"Day Name","Tuesday") -> 51129.446
B6: 2013 | C6: 18491354 | E6: 2013 | F6: -0.014964557 | H6: Apr | I6: 18829411 | K6: Wednesday | L6: =GETPIVOTDATA("Average of Total Revenue",'Pivot Tables'!$I$23,"Day Name","Wednesday") -> 51816.927
B7: 2014 | C7: 19064846 | E7: 2014 | F7: 0.031014054 | H7: May | I7: 19480460 | K7: Thursday | L7: =GETPIVOTDATA("Average of Total Revenue",'Pivot Tables'!$I$23,"Day Name","Thursday") -> 51319.525
B8: 2015 | C8: 18424741 | E8: 2015 | F8: -0.033575148 | H8: Jun | I8: 19488103 | K8: Friday | L8: =GETPIVOTDATA("Average of Total Revenue",'Pivot Tables'!$I$23,"Day Name","Friday") -> 51889.425
B9: 2016 | C9: 18634762 | E9: 2016 | F9: 0.011398852 | H9: Jul | I9: 20535324 | K9: Saturday | L9: =GETPIVOTDATA("Average of Total Revenue",'Pivot Tables'!$I$23,"Day Name","Saturday") -> 52725.509
B10: 2017 | C10: 18953969 | E10: 2017 | F10: 0.017129657 | H10: Aug | I10: 20316054
B11: 2018 | C11: 18576016 | E11: 2018 | F11: -0.019940543 | H11: Sep | I11: 21405554
B12: 2019 | C12: 18646414 | E12: 2019 | F12: 0.0037897221 | H12: Oct | I12: 20032778
B13: 2020 | C13: 18965182 | E13: 2020 | F13: 0.017095412 | H13: Nov | I13: 19959203
B14: 2021 | C14: 18895086 | E14: 2021 | F14: -0.0036960552 | H14: Dec | I14: 20010881
B15: 2022 | C15: 18141921 | E15: 2022 | F15: -0.039860371
B16: 2023 | C16: 1908138.9 | E16: 2023 | F16: -0.89482156
B18: Product | C18: Total Revenue | E18: QUARTER | F18: Q1 | G18: Q2 | H18: Q3 | I18: Q4
B19: P1 | C19: =SUM(salesdata[S-P1]) -> 60104804 | E19: 2010 | F19: =GETPIVOTDATA("Total Revenue",'Pivot Tables'!$I$11,"Year",2010,"Quarter","Q1") -> 0 | G19: =GETPIVOTDATA("Total Revenue",'Pivot Tables'!$I$11,"Year",2010,"Quarter","Q2") -> 920497.87 | H19: 5911631.7 | I19: 4763000.4
B20: P2 | C20: =SUM(salesdata[S-P2]) -> 62127530 | E20: 2011 | F20: =GETPIVOTDATA("Total Revenue",'Pivot Tables'!$I$11,"Year",2011,"Quarter","Q1") -> 4490551.1 | G20: =GETPIVOTDATA("Total Revenue",'Pivot Tables'!$I$11,"Year",2011,"Quarter","Q2") -> 4836444.6 | H20: 4549225.8 | I20: 4564423.8
B21: P3 | C21: =SUM(salesdata[S-P3]) -> 78429590 | E21: 2012 | F21: =GETPIVOTDATA("Total Revenue",'Pivot Tables'!$I$11,"Year",2012,"Quarter","Q1") -> 4638581.5 | G21: =GETPIVOTDATA("Total Revenue",'Pivot Tables'!$I$11,"Year",2012,"Quarter","Q2") -> 4805454.4 | H21: 4799039.5 | I21: 4529197.2
B22: P4 | C22: =SUM(salesdata[S-P4]) -> 36848553 | E22: 2013 | F22: =GETPIVOTDATA("Total Revenue",'Pivot Tables'!$I$11,"Year",2013,"Quarter","Q1") -> 4719980.7 | G22: =GETPIVOTDATA("Total Revenue",'Pivot Tables'!$I$11,"Year",2013,"Quarter","Q2") -> 4686354 | H22: 4539802.2 | I22: 4545216.9
E23: 2014 | F23: =GETPIVOTDATA("Total Revenue",'Pivot Tables'!$I$11,"Year",2014,"Quarter","Q1") -> 4705488.8 | G23: =GETPIVOTDATA("Total Revenue",'Pivot Tables'!$I$11,"Year",2014,"Quarter","Q2") -> 4749637.9 | H23: 4986289.3 | I23: 4623429.7
E24: 2015 | F24: =GETPIVOTDATA("Total Revenue",'Pivot Tables'!$I$11,"Year",2015,"Quarter","Q1") -> 4385259 | G24: =GETPIVOTDATA("Total Revenue",'Pivot Tables'!$I$11,"Year",2015,"Quarter","Q2") -> 4666302.9 | H24: 4848976.4 | I24: 4524202.4
E25: 2016 | F25: =GETPIVOTDATA("Total Revenue",'Pivot Tables'!$I$11,"Year",2016,"Quarter","Q1") -> 4715671.2 | G25: =GETPIVOTDATA("Total Revenue",'Pivot Tables'!$I$11,"Year",2016,"Quarter","Q2") -> 4780236.6 | H25: 4567299.1 | I25: 4571554.7
E26: 2017 | F26: =GETPIVOTDATA("Total Revenue",'Pivot Tables'!$I$11,"Year",2017,"Quarter","Q1") -> 4509552.2 | G26: =GETPIVOTDATA("Total Revenue",'Pivot Tables'!$I$11,"Year",2017,"Quarter","Q2") -> 4770295.7 | H26: 4909595 | I26: 4764525.7
E27: 2018 | F27: =GETPIVOTDATA("Total Revenue",'Pivot Tables'!$I$11,"Year",2018,"Quarter","Q1") -> 4749348.3 | G27: =GETPIVOTDATA("Total Revenue",'Pivot Tables'!$I$11,"Year",2018,"Quarter","Q2") -> 4684361 | H27: 4726485 | I27: 4415822
E28: 2019 | F28: =GETPIVOTDATA("Total Revenue",'Pivot Tables'!$I$11,"Year",2019,"Quarter","Q1") -> 4712826.6 | G28: =GETPIVOTDATA("Total Revenue",'Pivot Tables'!$I$11,"Year",2019,"Quarter","Q2") -> 4721869.7 | H28: 4541473.6 | I28: 4670244.3
E29: 2020 | F29: =GETPIVOTDATA("Total Revenue",'Pivot Tables'!$I$11,"Year",2020,"Quarter","Q1") -> 4701090.6 | G29: =GETPIVOTDATA("Total Revenue",'Pivot Tables'!$I$11,"Year",2020,"Quarter","Q2") -> 4740865.2 | H29: 4808069.3 | I29: 4715157.3
E30: 2021 | F30: =GETPIVOTDATA("Total Revenue",'Pivot Tables'!$I$11,"Year",2021,"Quarter","Q1") -> 4747962.6 | G30: =GETPIVOTDATA("Total Revenue",'Pivot Tables'!$I$11,"Year",2021,"Quarter","Q2") -> 4812929.8 | H30: 4551232 | I30: 4782961.6
E31: 2022 | F31: =GETPIVOTDATA("Total Revenue",'Pivot Tables'!$I$11,"Year",2022,"Quarter","Q1") -> 4468256.5 | G31: =GETPIVOTDATA("Total Revenue",'Pivot Tables'!$I$11,"Year",2022,"Quarter","Q2") -> 4622724.6 | H31: 4517813 | I31: 4533126.7
E32: 2023 | F32: =GETPIVOTDATA("Total Revenue",'Pivot Tables'!$I$11,"Year",2023,"Quarter","Q1") -> 1908138.9 | G32: 0 | H32: 0 | I32: 0
